op_name,op_type,op_st,op_ed,op_computation,,cpu,cpu_hw_info,gpu,gpu_hw_info,hw_computing_power (GOPS),model name
input,io,0.461000,0.987000,0.000000,,12400F,2.5g*8thread*8(avx2=8*float32),,,160,vit_b
/vit/embeddings/patch_embeddings/projection/Conv,Conv,11.932000,9853.671000,231211008.000000
/vit/embeddings/patch_embeddings/Reshape,Reshape,9865.790000,9965.942000,0.000000
/vit/embeddings/patch_embeddings/Transpose,Transpose,9972.120000,10359.007000,0.000000
/vit/embeddings/Concat_1,Concat,10364.386000,10449.568000,0.000000
/vit/embeddings/Add,Add,10453.948000,10616.576000,151296.000000
/vit/encoder/layer.0/layernorm_before/ReduceMean,ReduceMean,10623.289000,10821.763000,0.000000
/vit/encoder/layer.0/layernorm_before/Sub,Sub,10825.846000,10903.730000,0.000000
/vit/encoder/layer.0/layernorm_before/Pow,Pow,10907.864000,14992.551000,302592.000000
/vit/encoder/layer.0/layernorm_before/ReduceMean_1,ReduceMean,14998.632000,15185.120000,0.000000
/vit/encoder/layer.0/layernorm_before/Add,Add,15188.053000,15192.801000,197.000000
/vit/encoder/layer.0/layernorm_before/Sqrt,Sqrt,15196.803000,15201.633000,0.000000
/vit/encoder/layer.0/layernorm_before/Div,Div,15205.282000,15312.213000,302592.000000
/vit/encoder/layer.0/layernorm_before/Mul,Mul,15318.472000,15400.975000,151296.000000
/vit/encoder/layer.0/layernorm_before/Add_1,Add,15405.105000,15490.078000,151296.000000
,MatMul,15494.391000,31912.615000,697171968.000000
,Split,31918.058000,32165.564000,0.000000
/vit/encoder/layer.0/attention/attention/value/Add,Add,32168.894000,32258.609000,151296.000000
/vit/encoder/layer.0/attention/attention/query/Add,Add,32261.925000,32343.305000,151296.000000
/vit/encoder/layer.0/attention/attention/Reshape_2,Reshape,32347.044000,32407.843000,0.000000
/vit/encoder/layer.0/attention/attention/key/Add,Add,32410.969000,32498.419000,151296.000000
/vit/encoder/layer.0/attention/attention/Reshape,Reshape,32501.083000,32561.277000,0.000000
/vit/encoder/layer.0/attention/attention/Transpose_2,Transpose,32564.147000,32744.383000,0.000000
/vit/encoder/layer.0/attention/attention/Reshape_1,Reshape,32747.426000,32817.701000,0.000000
/vit/encoder/layer.0/attention/attention/Transpose,Transpose,32820.015000,32919.136000,0.000000
/vit/encoder/layer.0/attention/attention/Transpose_1,Transpose,32921.472000,33034.333000,0.000000
/vit/encoder/layer.0/attention/attention/MatMul,MatMul,33037.783000,34436.215000,59610624.000000
/vit/encoder/layer.0/attention/attention/Div,Div,34439.823000,35767.712000,931416.000000
/vit/encoder/layer.0/attention/attention/Softmax,Softmax,35770.407000,39381.451000,2328540.000000
/vit/encoder/layer.0/attention/attention/MatMul_1,MatMul,39385.425000,40507.048000,59610624.000000
/vit/encoder/layer.0/attention/attention/Transpose_3,Transpose,40509.444000,40602.391000,0.000000
/vit/encoder/layer.0/attention/attention/Reshape_3,Reshape,40604.548000,40665.625000,0.000000
/vit/encoder/layer.0/attention/output/dense/MatMul,MatMul,40667.527000,44298.870000,232390656.000000
/vit/encoder/layer.0/attention/output/dense/Add,Add,44302.852000,44365.734000,151296.000000
/vit/encoder/layer.0/Add,Add,44368.232000,44500.929000,151296.000000
/vit/encoder/layer.0/layernorm_after/ReduceMean,ReduceMean,44504.029000,44590.408000,0.000000
/vit/encoder/layer.0/layernorm_after/Sub,Sub,44591.971000,44663.007000,0.000000
/vit/encoder/layer.0/layernorm_after/Pow,Pow,44665.219000,46410.629000,302592.000000
/vit/encoder/layer.0/layernorm_after/ReduceMean_1,ReduceMean,46413.038000,46491.808000,0.000000
/vit/encoder/layer.0/layernorm_after/Add,Add,46493.200000,46495.207000,197.000000
/vit/encoder/layer.0/layernorm_after/Sqrt,Sqrt,46496.522000,46498.370000,0.000000
/vit/encoder/layer.0/layernorm_after/Div,Div,46499.489000,46563.363000,302592.000000
/vit/encoder/layer.0/layernorm_after/Mul,Mul,46565.213000,46629.195000,151296.000000
/vit/encoder/layer.0/layernorm_after/Add_1,Add,46631.068000,46691.610000,151296.000000
/vit/encoder/layer.0/intermediate/dense/MatMul,MatMul,46693.532000,58580.739000,929562624.000000
/vit/encoder/layer.0/intermediate/dense/Add,Add,58585.561000,58888.665000,605184.000000
/vit/encoder/layer.0/intermediate/intermediate_act_fn/Div,Div,58892.282000,60014.117000,1210368.000000
/vit/encoder/layer.0/intermediate/intermediate_act_fn/Erf,Erf,60016.589000,66628.089000,1210368.000000
/vit/encoder/layer.0/intermediate/intermediate_act_fn/Add,Add,66631.752000,67782.271000,605184.000000
/vit/encoder/layer.0/intermediate/intermediate_act_fn/Mul,Mul,67784.322000,68043.340000,605184.000000
/vit/encoder/layer.0/intermediate/intermediate_act_fn/Mul_1,Mul,68045.745000,69133.654000,605184.000000
/vit/encoder/layer.0/output/dense/MatMul,MatMul,69136.178000,81267.251000,929562624.000000
/vit/encoder/layer.0/output/dense/Add,Add,81272.681000,81330.740000,151296.000000
/vit/encoder/layer.0/output/Add,Add,81333.771000,81438.194000,151296.000000
/vit/encoder/layer.1/layernorm_before/ReduceMean,ReduceMean,81441.305000,81518.080000,0.000000
/vit/encoder/layer.1/layernorm_before/Sub,Sub,81519.689000,81571.880000,0.000000
/vit/encoder/layer.1/layernorm_before/Pow,Pow,81573.792000,83164.435000,302592.000000
/vit/encoder/layer.1/layernorm_before/ReduceMean_1,ReduceMean,83166.939000,83242.069000,0.000000
/vit/encoder/layer.1/layernorm_before/Add,Add,83243.336000,83245.591000,197.000000
/vit/encoder/layer.1/layernorm_before/Sqrt,Sqrt,83246.849000,83248.643000,0.000000
/vit/encoder/layer.1/layernorm_before/Div,Div,83249.617000,83314.936000,302592.000000
/vit/encoder/layer.1/layernorm_before/Mul,Mul,83317.664000,83376.896000,151296.000000
/vit/encoder/layer.1/layernorm_before/Add_1,Add,83378.390000,83435.659000,151296.000000
,MatMul,83437.697000,92512.775000,697171968.000000
,Split,92516.866000,92706.972000,0.000000
/vit/encoder/layer.1/attention/attention/key/Add,Add,92709.029000,92783.011000,151296.000000
/vit/encoder/layer.1/attention/attention/Reshape,Reshape,92784.682000,92833.425000,0.000000
/vit/encoder/layer.1/attention/attention/query/Add,Add,92834.875000,92907.624000,151296.000000
/vit/encoder/layer.1/attention/attention/Reshape_2,Reshape,92909.967000,92960.318000,0.000000
/vit/encoder/layer.1/attention/attention/Transpose_2,Transpose,92962.496000,93078.131000,0.000000
/vit/encoder/layer.1/attention/attention/Transpose_1,Transpose,93079.651000,93155.585000,0.000000
/vit/encoder/layer.1/attention/attention/MatMul,MatMul,93157.887000,94015.845000,59610624.000000
/vit/encoder/layer.1/attention/attention/Div,Div,94018.256000,94890.598000,931416.000000
/vit/encoder/layer.1/attention/attention/value/Add,Add,94893.310000,94987.950000,151296.000000
/vit/encoder/layer.1/attention/attention/Reshape_1,Reshape,94990.096000,95040.479000,0.000000
/vit/encoder/layer.1/attention/attention/Transpose,Transpose,95042.564000,95124.466000,0.000000
/vit/encoder/layer.1/attention/attention/Softmax,Softmax,95126.700000,97633.258000,2328540.000000
/vit/encoder/layer.1/attention/attention/MatMul_1,MatMul,97635.689000,98518.900000,59610624.000000
/vit/encoder/layer.1/attention/attention/Transpose_3,Transpose,98521.144000,98594.557000,0.000000
/vit/encoder/layer.1/attention/attention/Reshape_3,Reshape,98596.115000,98650.007000,0.000000
/vit/encoder/layer.1/attention/output/dense/MatMul,MatMul,98651.703000,101674.891000,232390656.000000
/vit/encoder/layer.1/attention/output/dense/Add,Add,101677.516000,101727.374000,151296.000000
/vit/encoder/layer.1/Add,Add,101729.399000,101850.463000,151296.000000
/vit/encoder/layer.1/layernorm_after/ReduceMean,ReduceMean,101852.593000,101929.062000,0.000000
/vit/encoder/layer.1/layernorm_after/Sub,Sub,101930.323000,101983.060000,0.000000
/vit/encoder/layer.1/layernorm_after/Pow,Pow,101984.839000,103598.605000,302592.000000
/vit/encoder/layer.1/layernorm_after/ReduceMean_1,ReduceMean,103601.160000,103675.939000,0.000000
/vit/encoder/layer.1/layernorm_after/Add,Add,103677.423000,103679.149000,197.000000
/vit/encoder/layer.1/layernorm_after/Sqrt,Sqrt,103680.232000,103681.882000,0.000000
/vit/encoder/layer.1/layernorm_after/Div,Div,103682.821000,103747.468000,302592.000000
/vit/encoder/layer.1/layernorm_after/Mul,Mul,103750.089000,103810.015000,151296.000000
/vit/encoder/layer.1/layernorm_after/Add_1,Add,103811.633000,103877.084000,151296.000000
/vit/encoder/layer.1/intermediate/dense/MatMul,MatMul,103878.637000,115269.243000,929562624.000000
/vit/encoder/layer.1/intermediate/dense/Add,Add,115274.181000,115586.599000,605184.000000
/vit/encoder/layer.1/intermediate/intermediate_act_fn/Div,Div,115590.127000,116717.503000,1210368.000000
/vit/encoder/layer.1/intermediate/intermediate_act_fn/Erf,Erf,116720.770000,123952.345000,1210368.000000
/vit/encoder/layer.1/intermediate/intermediate_act_fn/Add,Add,123956.479000,125106.740000,605184.000000
/vit/encoder/layer.1/intermediate/intermediate_act_fn/Mul,Mul,125108.954000,125381.023000,605184.000000
/vit/encoder/layer.1/intermediate/intermediate_act_fn/Mul_1,Mul,125384.126000,126477.071000,605184.000000
/vit/encoder/layer.1/output/dense/MatMul,MatMul,126479.836000,138450.980000,929562624.000000
/vit/encoder/layer.1/output/dense/Add,Add,138456.469000,138519.280000,151296.000000
/vit/encoder/layer.1/output/Add,Add,138521.562000,138635.377000,151296.000000
/vit/encoder/layer.2/layernorm_before/ReduceMean,ReduceMean,138639.249000,138716.877000,0.000000
/vit/encoder/layer.2/layernorm_before/Sub,Sub,138718.438000,138777.022000,0.000000
/vit/encoder/layer.2/layernorm_before/Pow,Pow,138779.101000,140371.714000,302592.000000
/vit/encoder/layer.2/layernorm_before/ReduceMean_1,ReduceMean,140374.074000,140449.081000,0.000000
/vit/encoder/layer.2/layernorm_before/Add,Add,140450.111000,140452.146000,197.000000
/vit/encoder/layer.2/layernorm_before/Sqrt,Sqrt,140453.538000,140456.392000,0.000000
/vit/encoder/layer.2/layernorm_before/Div,Div,140457.494000,140532.614000,302592.000000
/vit/encoder/layer.2/layernorm_before/Mul,Mul,140535.261000,140600.725000,151296.000000
/vit/encoder/layer.2/layernorm_before/Add_1,Add,140602.658000,140658.578000,151296.000000
,MatMul,140660.102000,148957.522000,697171968.000000
,Split,148961.257000,149145.849000,0.000000
/vit/encoder/layer.2/attention/attention/key/Add,Add,149147.827000,149226.301000,151296.000000
/vit/encoder/layer.2/attention/attention/Reshape,Reshape,149228.479000,149282.263000,0.000000
/vit/encoder/layer.2/attention/attention/Transpose_2,Transpose,149284.173000,149398.708000,0.000000
/vit/encoder/layer.2/attention/attention/query/Add,Add,149401.230000,149486.116000,151296.000000
/vit/encoder/layer.2/attention/attention/Reshape_2,Reshape,149488.512000,149539.215000,0.000000
/vit/encoder/layer.2/attention/attention/Transpose_1,Transpose,149540.904000,149612.285000,0.000000
/vit/encoder/layer.2/attention/attention/MatMul,MatMul,149614.683000,150502.440000,59610624.000000
/vit/encoder/layer.2/attention/attention/Div,Div,150505.165000,151370.563000,931416.000000
/vit/encoder/layer.2/attention/attention/Softmax,Softmax,151372.493000,153870.914000,2328540.000000
/vit/encoder/layer.2/attention/attention/value/Add,Add,153873.227000,153957.866000,151296.000000
/vit/encoder/layer.2/attention/attention/Reshape_1,Reshape,153959.500000,154010.073000,0.000000
/vit/encoder/layer.2/attention/attention/Transpose,Transpose,154012.336000,154081.344000,0.000000
/vit/encoder/layer.2/attention/attention/MatMul_1,MatMul,154088.664000,154933.313000,59610624.000000
/vit/encoder/layer.2/attention/attention/Transpose_3,Transpose,154935.542000,155008.628000,0.000000
/vit/encoder/layer.2/attention/attention/Reshape_3,Reshape,155010.467000,155095.670000,0.000000
/vit/encoder/layer.2/attention/output/dense/MatMul,MatMul,155098.074000,158300.491000,232390656.000000
/vit/encoder/layer.2/attention/output/dense/Add,Add,158304.171000,158355.254000,151296.000000
/vit/encoder/layer.2/Add,Add,158357.076000,158478.683000,151296.000000
/vit/encoder/layer.2/layernorm_after/ReduceMean,ReduceMean,158480.786000,158556.467000,0.000000
/vit/encoder/layer.2/layernorm_after/Sub,Sub,158557.804000,158621.902000,0.000000
/vit/encoder/layer.2/layernorm_after/Pow,Pow,158624.057000,160228.244000,302592.000000
/vit/encoder/layer.2/layernorm_after/ReduceMean_1,ReduceMean,160230.362000,160305.007000,0.000000
/vit/encoder/layer.2/layernorm_after/Add,Add,160306.380000,160308.128000,197.000000
/vit/encoder/layer.2/layernorm_after/Sqrt,Sqrt,160309.444000,160311.444000,0.000000
/vit/encoder/layer.2/layernorm_after/Div,Div,160312.696000,160374.048000,302592.000000
/vit/encoder/layer.2/layernorm_after/Mul,Mul,160376.353000,160439.440000,151296.000000
/vit/encoder/layer.2/layernorm_after/Add_1,Add,160441.529000,160507.148000,151296.000000
/vit/encoder/layer.2/intermediate/dense/MatMul,MatMul,160508.797000,173151.323000,929562624.000000
/vit/encoder/layer.2/intermediate/dense/Add,Add,173155.381000,173449.087000,605184.000000
/vit/encoder/layer.2/intermediate/intermediate_act_fn/Div,Div,173452.345000,174581.824000,1210368.000000
/vit/encoder/layer.2/intermediate/intermediate_act_fn/Erf,Erf,174584.923000,181819.290000,1210368.000000
/vit/encoder/layer.2/intermediate/intermediate_act_fn/Add,Add,181821.983000,182989.824000,605184.000000
/vit/encoder/layer.2/intermediate/intermediate_act_fn/Mul,Mul,182991.873000,183265.324000,605184.000000
/vit/encoder/layer.2/intermediate/intermediate_act_fn/Mul_1,Mul,183267.742000,184354.162000,605184.000000
/vit/encoder/layer.2/output/dense/MatMul,MatMul,184355.915000,196485.179000,929562624.000000
/vit/encoder/layer.2/output/dense/Add,Add,196490.758000,196558.001000,151296.000000
/vit/encoder/layer.2/output/Add,Add,196560.265000,196670.306000,151296.000000
/vit/encoder/layer.3/layernorm_before/ReduceMean,ReduceMean,196673.177000,196748.329000,0.000000
/vit/encoder/layer.3/layernorm_before/Sub,Sub,196749.928000,196800.406000,0.000000
/vit/encoder/layer.3/layernorm_before/Pow,Pow,196802.126000,198415.473000,302592.000000
/vit/encoder/layer.3/layernorm_before/ReduceMean_1,ReduceMean,198417.813000,198492.794000,0.000000
/vit/encoder/layer.3/layernorm_before/Add,Add,198493.960000,198495.621000,197.000000
/vit/encoder/layer.3/layernorm_before/Sqrt,Sqrt,198496.793000,198498.767000,0.000000
/vit/encoder/layer.3/layernorm_before/Div,Div,198499.770000,198566.715000,302592.000000
/vit/encoder/layer.3/layernorm_before/Mul,Mul,198569.117000,198641.901000,151296.000000
/vit/encoder/layer.3/layernorm_before/Add_1,Add,198643.614000,198705.189000,151296.000000
,MatMul,198706.974000,207341.443000,697171968.000000
,Split,207344.764000,207533.223000,0.000000
/vit/encoder/layer.3/attention/attention/key/Add,Add,207537.633000,207608.452000,151296.000000
/vit/encoder/layer.3/attention/attention/query/Add,Add,207610.266000,207682.847000,151296.000000
/vit/encoder/layer.3/attention/attention/value/Add,Add,207684.752000,207765.293000,151296.000000
/vit/encoder/layer.3/attention/attention/Reshape_1,Reshape,207767.890000,207817.260000,0.000000
/vit/encoder/layer.3/attention/attention/Transpose,Transpose,207819.357000,207889.760000,0.000000
/vit/encoder/layer.3/attention/attention/Reshape,Reshape,207891.872000,207956.773000,0.000000
/vit/encoder/layer.3/attention/attention/Reshape_2,Reshape,207958.639000,208012.933000,0.000000
/vit/encoder/layer.3/attention/attention/Transpose_1,Transpose,208014.591000,208082.639000,0.000000
/vit/encoder/layer.3/attention/attention/Transpose_2,Transpose,208084.076000,208199.881000,0.000000
/vit/encoder/layer.3/attention/attention/MatMul,MatMul,208201.685000,209083.559000,59610624.000000
/vit/encoder/layer.3/attention/attention/Div,Div,209086.777000,209951.350000,931416.000000
/vit/encoder/layer.3/attention/attention/Softmax,Softmax,209954.546000,212469.582000,2328540.000000
/vit/encoder/layer.3/attention/attention/MatMul_1,MatMul,212472.461000,213298.377000,59610624.000000
/vit/encoder/layer.3/attention/attention/Transpose_3,Transpose,213300.512000,213376.115000,0.000000
/vit/encoder/layer.3/attention/attention/Reshape_3,Reshape,213378.497000,213434.044000,0.000000
/vit/encoder/layer.3/attention/output/dense/MatMul,MatMul,213435.835000,216414.560000,232390656.000000
/vit/encoder/layer.3/attention/output/dense/Add,Add,216417.699000,216466.584000,151296.000000
/vit/encoder/layer.3/Add,Add,216468.812000,216600.369000,151296.000000
/vit/encoder/layer.3/layernorm_after/ReduceMean,ReduceMean,216602.628000,216678.190000,0.000000
/vit/encoder/layer.3/layernorm_after/Sub,Sub,216679.469000,216736.789000,0.000000
/vit/encoder/layer.3/layernorm_after/Pow,Pow,216738.507000,218336.462000,302592.000000
/vit/encoder/layer.3/layernorm_after/ReduceMean_1,ReduceMean,218338.841000,218413.533000,0.000000
/vit/encoder/layer.3/layernorm_after/Add,Add,218414.792000,218416.641000,197.000000
/vit/encoder/layer.3/layernorm_after/Sqrt,Sqrt,218417.797000,218419.471000,0.000000
/vit/encoder/layer.3/layernorm_after/Div,Div,218420.688000,218483.373000,302592.000000
/vit/encoder/layer.3/layernorm_after/Mul,Mul,218485.888000,218549.350000,151296.000000
/vit/encoder/layer.3/layernorm_after/Add_1,Add,218551.299000,218614.969000,151296.000000
/vit/encoder/layer.3/intermediate/dense/MatMul,MatMul,218616.633000,231437.744000,929562624.000000
/vit/encoder/layer.3/intermediate/dense/Add,Add,231442.360000,231753.052000,605184.000000
/vit/encoder/layer.3/intermediate/intermediate_act_fn/Div,Div,231755.919000,232878.139000,1210368.000000
/vit/encoder/layer.3/intermediate/intermediate_act_fn/Erf,Erf,232880.563000,240338.953000,1210368.000000
/vit/encoder/layer.3/intermediate/intermediate_act_fn/Add,Add,240342.605000,241504.647000,605184.000000
/vit/encoder/layer.3/intermediate/intermediate_act_fn/Mul,Mul,241507.433000,241796.720000,605184.000000
/vit/encoder/layer.3/intermediate/intermediate_act_fn/Mul_1,Mul,241801.035000,242895.765000,605184.000000
/vit/encoder/layer.3/output/dense/MatMul,MatMul,242898.247000,254985.806000,929562624.000000
/vit/encoder/layer.3/output/dense/Add,Add,254990.591000,255044.071000,151296.000000
/vit/encoder/layer.3/output/Add,Add,255046.753000,255151.934000,151296.000000
/vit/encoder/layer.4/layernorm_before/ReduceMean,ReduceMean,255154.529000,255230.289000,0.000000
/vit/encoder/layer.4/layernorm_before/Sub,Sub,255231.881000,255284.051000,0.000000
/vit/encoder/layer.4/layernorm_before/Pow,Pow,255285.718000,256870.214000,302592.000000
/vit/encoder/layer.4/layernorm_before/ReduceMean_1,ReduceMean,256872.267000,256946.891000,0.000000
/vit/encoder/layer.4/layernorm_before/Add,Add,256948.038000,256950.028000,197.000000
/vit/encoder/layer.4/layernorm_before/Sqrt,Sqrt,256951.112000,256952.884000,0.000000
/vit/encoder/layer.4/layernorm_before/Div,Div,256953.998000,257018.521000,302592.000000
/vit/encoder/layer.4/layernorm_before/Mul,Mul,257020.560000,257087.007000,151296.000000
/vit/encoder/layer.4/layernorm_before/Add_1,Add,257089.310000,257149.461000,151296.000000
,MatMul,257151.080000,265698.163000,697171968.000000
,Split,265702.666000,265913.760000,0.000000
/vit/encoder/layer.4/attention/attention/query/Add,Add,265916.117000,265995.430000,151296.000000
/vit/encoder/layer.4/attention/attention/Reshape_2,Reshape,265998.335000,266046.701000,0.000000
/vit/encoder/layer.4/attention/attention/Transpose_1,Transpose,266048.571000,266127.474000,0.000000
/vit/encoder/layer.4/attention/attention/value/Add,Add,266129.701000,266215.972000,151296.000000
/vit/encoder/layer.4/attention/attention/Reshape_1,Reshape,266217.656000,266268.495000,0.000000
/vit/encoder/layer.4/attention/attention/Transpose,Transpose,266270.210000,266341.239000,0.000000
/vit/encoder/layer.4/attention/attention/key/Add,Add,266343.494000,266433.044000,151296.000000
/vit/encoder/layer.4/attention/attention/Reshape,Reshape,266435.185000,266488.279000,0.000000
/vit/encoder/layer.4/attention/attention/Transpose_2,Transpose,266490.168000,266603.716000,0.000000
/vit/encoder/layer.4/attention/attention/MatMul,MatMul,266605.784000,267464.986000,59610624.000000
/vit/encoder/layer.4/attention/attention/Div,Div,267467.187000,268329.826000,931416.000000
/vit/encoder/layer.4/attention/attention/Softmax,Softmax,268332.345000,270836.873000,2328540.000000
/vit/encoder/layer.4/attention/attention/MatMul_1,MatMul,270839.413000,271707.204000,59610624.000000
/vit/encoder/layer.4/attention/attention/Transpose_3,Transpose,271709.113000,271783.924000,0.000000
/vit/encoder/layer.4/attention/attention/Reshape_3,Reshape,271785.778000,271841.950000,0.000000
/vit/encoder/layer.4/attention/output/dense/MatMul,MatMul,271843.268000,274799.250000,232390656.000000
/vit/encoder/layer.4/attention/output/dense/Add,Add,274802.103000,274850.491000,151296.000000
/vit/encoder/layer.4/Add,Add,274852.240000,274969.269000,151296.000000
/vit/encoder/layer.4/layernorm_after/ReduceMean,ReduceMean,274972.577000,275047.730000,0.000000
/vit/encoder/layer.4/layernorm_after/Sub,Sub,275048.882000,275100.535000,0.000000
/vit/encoder/layer.4/layernorm_after/Pow,Pow,275102.005000,276712.671000,302592.000000
/vit/encoder/layer.4/layernorm_after/ReduceMean_1,ReduceMean,276714.791000,276789.464000,0.000000
/vit/encoder/layer.4/layernorm_after/Add,Add,276790.571000,276792.171000,197.000000
/vit/encoder/layer.4/layernorm_after/Sqrt,Sqrt,276793.342000,276794.913000,0.000000
/vit/encoder/layer.4/layernorm_after/Div,Div,276796.061000,276857.846000,302592.000000
/vit/encoder/layer.4/layernorm_after/Mul,Mul,276859.632000,276920.378000,151296.000000
/vit/encoder/layer.4/layernorm_after/Add_1,Add,276922.329000,276988.415000,151296.000000
/vit/encoder/layer.4/intermediate/dense/MatMul,MatMul,276990.219000,288604.472000,929562624.000000
/vit/encoder/layer.4/intermediate/dense/Add,Add,288609.314000,288983.790000,605184.000000
/vit/encoder/layer.4/intermediate/intermediate_act_fn/Div,Div,288986.922000,290116.876000,1210368.000000
/vit/encoder/layer.4/intermediate/intermediate_act_fn/Erf,Erf,290119.201000,297770.366000,1210368.000000
/vit/encoder/layer.4/intermediate/intermediate_act_fn/Add,Add,297772.584000,298906.612000,605184.000000
/vit/encoder/layer.4/intermediate/intermediate_act_fn/Mul,Mul,298908.791000,299179.684000,605184.000000
/vit/encoder/layer.4/intermediate/intermediate_act_fn/Mul_1,Mul,299182.517000,300264.985000,605184.000000
/vit/encoder/layer.4/output/dense/MatMul,MatMul,300266.866000,312547.125000,929562624.000000
/vit/encoder/layer.4/output/dense/Add,Add,312552.058000,312610.085000,151296.000000
/vit/encoder/layer.4/output/Add,Add,312612.286000,312717.263000,151296.000000
/vit/encoder/layer.5/layernorm_before/ReduceMean,ReduceMean,312720.075000,312795.922000,0.000000
/vit/encoder/layer.5/layernorm_before/Sub,Sub,312797.310000,312849.473000,0.000000
/vit/encoder/layer.5/layernorm_before/Pow,Pow,312851.095000,314454.915000,302592.000000
/vit/encoder/layer.5/layernorm_before/ReduceMean_1,ReduceMean,314457.407000,314532.138000,0.000000
/vit/encoder/layer.5/layernorm_before/Add,Add,314533.427000,314535.187000,197.000000
/vit/encoder/layer.5/layernorm_before/Sqrt,Sqrt,314536.430000,314537.614000,0.000000
/vit/encoder/layer.5/layernorm_before/Div,Div,314538.674000,314596.210000,302592.000000
/vit/encoder/layer.5/layernorm_before/Mul,Mul,314598.445000,314662.091000,151296.000000
/vit/encoder/layer.5/layernorm_before/Add_1,Add,314663.862000,314726.050000,151296.000000
,MatMul,314727.965000,323752.884000,697171968.000000
,Split,323756.568000,323958.683000,0.000000
/vit/encoder/layer.5/attention/attention/query/Add,Add,323961.022000,324041.124000,151296.000000
/vit/encoder/layer.5/attention/attention/Reshape_2,Reshape,324043.801000,324095.899000,0.000000
/vit/encoder/layer.5/attention/attention/Transpose_1,Transpose,324098.173000,324165.490000,0.000000
/vit/encoder/layer.5/attention/attention/key/Add,Add,324167.292000,324253.886000,151296.000000
/vit/encoder/layer.5/attention/attention/value/Add,Add,324255.607000,324340.367000,151296.000000
/vit/encoder/layer.5/attention/attention/Reshape_1,Reshape,324341.963000,324393.015000,0.000000
/vit/encoder/layer.5/attention/attention/Reshape,Reshape,324395.206000,324450.197000,0.000000
/vit/encoder/layer.5/attention/attention/Transpose_2,Transpose,324451.867000,324564.066000,0.000000
/vit/encoder/layer.5/attention/attention/Transpose,Transpose,324565.669000,324638.103000,0.000000
/vit/encoder/layer.5/attention/attention/MatMul,MatMul,324640.018000,325528.587000,59610624.000000
/vit/encoder/layer.5/attention/attention/Div,Div,325530.925000,326404.125000,931416.000000
/vit/encoder/layer.5/attention/attention/Softmax,Softmax,326407.798000,328915.900000,2328540.000000
/vit/encoder/layer.5/attention/attention/MatMul_1,MatMul,328918.307000,329811.088000,59610624.000000
/vit/encoder/layer.5/attention/attention/Transpose_3,Transpose,329813.109000,329885.873000,0.000000
/vit/encoder/layer.5/attention/attention/Reshape_3,Reshape,329888.199000,329942.420000,0.000000
/vit/encoder/layer.5/attention/output/dense/MatMul,MatMul,329943.778000,332808.561000,232390656.000000
/vit/encoder/layer.5/attention/output/dense/Add,Add,332811.189000,332862.350000,151296.000000
/vit/encoder/layer.5/Add,Add,332864.257000,332988.796000,151296.000000
/vit/encoder/layer.5/layernorm_after/ReduceMean,ReduceMean,332991.067000,333066.189000,0.000000
/vit/encoder/layer.5/layernorm_after/Sub,Sub,333067.605000,333123.974000,0.000000
/vit/encoder/layer.5/layernorm_after/Pow,Pow,333125.444000,334723.781000,302592.000000
/vit/encoder/layer.5/layernorm_after/ReduceMean_1,ReduceMean,334725.913000,334800.579000,0.000000
/vit/encoder/layer.5/layernorm_after/Add,Add,334801.861000,334803.605000,197.000000
/vit/encoder/layer.5/layernorm_after/Sqrt,Sqrt,334804.869000,334807.032000,0.000000
/vit/encoder/layer.5/layernorm_after/Div,Div,334808.046000,334874.183000,302592.000000
/vit/encoder/layer.5/layernorm_after/Mul,Mul,334876.301000,334947.132000,151296.000000
/vit/encoder/layer.5/layernorm_after/Add_1,Add,334949.669000,335015.600000,151296.000000
/vit/encoder/layer.5/intermediate/dense/MatMul,MatMul,335017.316000,347570.964000,929562624.000000
/vit/encoder/layer.5/intermediate/dense/Add,Add,347577.521000,347927.750000,605184.000000
/vit/encoder/layer.5/intermediate/intermediate_act_fn/Div,Div,347931.800000,349073.427000,1210368.000000
/vit/encoder/layer.5/intermediate/intermediate_act_fn/Erf,Erf,349076.704000,356714.716000,1210368.000000
/vit/encoder/layer.5/intermediate/intermediate_act_fn/Add,Add,356718.259000,357843.787000,605184.000000
/vit/encoder/layer.5/intermediate/intermediate_act_fn/Mul,Mul,357845.942000,358131.245000,605184.000000
/vit/encoder/layer.5/intermediate/intermediate_act_fn/Mul_1,Mul,358134.281000,359219.672000,605184.000000
/vit/encoder/layer.5/output/dense/MatMul,MatMul,359221.643000,371363.439000,929562624.000000
/vit/encoder/layer.5/output/dense/Add,Add,371369.401000,371432.801000,151296.000000
/vit/encoder/layer.5/output/Add,Add,371435.117000,371544.054000,151296.000000
/vit/encoder/layer.6/layernorm_before/ReduceMean,ReduceMean,371546.676000,371621.915000,0.000000
/vit/encoder/layer.6/layernorm_before/Sub,Sub,371623.467000,371680.787000,0.000000
/vit/encoder/layer.6/layernorm_before/Pow,Pow,371682.893000,373290.758000,302592.000000
/vit/encoder/layer.6/layernorm_before/ReduceMean_1,ReduceMean,373292.655000,373367.087000,0.000000
/vit/encoder/layer.6/layernorm_before/Add,Add,373368.355000,373370.440000,197.000000
/vit/encoder/layer.6/layernorm_before/Sqrt,Sqrt,373371.646000,373373.210000,0.000000
/vit/encoder/layer.6/layernorm_before/Div,Div,373374.374000,373436.075000,302592.000000
/vit/encoder/layer.6/layernorm_before/Mul,Mul,373437.907000,373504.228000,151296.000000
/vit/encoder/layer.6/layernorm_before/Add_1,Add,373506.019000,373564.643000,151296.000000
,MatMul,373566.295000,382480.305000,697171968.000000
,Split,382483.737000,382672.650000,0.000000
/vit/encoder/layer.6/attention/attention/key/Add,Add,382675.725000,382745.590000,151296.000000
/vit/encoder/layer.6/attention/attention/Reshape,Reshape,382747.187000,382798.103000,0.000000
/vit/encoder/layer.6/attention/attention/query/Add,Add,382799.814000,382878.184000,151296.000000
/vit/encoder/layer.6/attention/attention/Reshape_2,Reshape,382880.492000,382935.319000,0.000000
/vit/encoder/layer.6/attention/attention/Transpose_1,Transpose,382937.245000,383012.312000,0.000000
/vit/encoder/layer.6/attention/attention/value/Add,Add,383014.381000,383101.456000,151296.000000
/vit/encoder/layer.6/attention/attention/Reshape_1,Reshape,383102.979000,383156.992000,0.000000
/vit/encoder/layer.6/attention/attention/Transpose,Transpose,383158.449000,383232.148000,0.000000
/vit/encoder/layer.6/attention/attention/Transpose_2,Transpose,383234.035000,383355.672000,0.000000
/vit/encoder/layer.6/attention/attention/MatMul,MatMul,383356.957000,384237.012000,59610624.000000
/vit/encoder/layer.6/attention/attention/Div,Div,384239.013000,385103.459000,931416.000000
/vit/encoder/layer.6/attention/attention/Softmax,Softmax,385106.385000,387611.759000,2328540.000000
/vit/encoder/layer.6/attention/attention/MatMul_1,MatMul,387614.902000,388530.157000,59610624.000000
/vit/encoder/layer.6/attention/attention/Transpose_3,Transpose,388532.129000,388611.589000,0.000000
/vit/encoder/layer.6/attention/attention/Reshape_3,Reshape,388613.513000,388676.899000,0.000000
/vit/encoder/layer.6/attention/output/dense/MatMul,MatMul,388678.461000,391983.147000,232390656.000000
/vit/encoder/layer.6/attention/output/dense/Add,Add,391986.606000,392036.359000,151296.000000
/vit/encoder/layer.6/Add,Add,392038.192000,392166.676000,151296.000000
/vit/encoder/layer.6/layernorm_after/ReduceMean,ReduceMean,392169.659000,392244.589000,0.000000
/vit/encoder/layer.6/layernorm_after/Sub,Sub,392245.957000,392303.983000,0.000000
/vit/encoder/layer.6/layernorm_after/Pow,Pow,392306.503000,393925.713000,302592.000000
/vit/encoder/layer.6/layernorm_after/ReduceMean_1,ReduceMean,393927.806000,394002.397000,0.000000
/vit/encoder/layer.6/layernorm_after/Add,Add,394003.599000,394005.544000,197.000000
/vit/encoder/layer.6/layernorm_after/Sqrt,Sqrt,394006.809000,394008.560000,0.000000
/vit/encoder/layer.6/layernorm_after/Div,Div,394009.719000,394078.753000,302592.000000
/vit/encoder/layer.6/layernorm_after/Mul,Mul,394081.312000,394158.624000,151296.000000
/vit/encoder/layer.6/layernorm_after/Add_1,Add,394160.932000,394226.774000,151296.000000
/vit/encoder/layer.6/intermediate/dense/MatMul,MatMul,394228.327000,406499.488000,929562624.000000
/vit/encoder/layer.6/intermediate/dense/Add,Add,406503.837000,406852.293000,605184.000000
/vit/encoder/layer.6/intermediate/intermediate_act_fn/Div,Div,406855.842000,407979.563000,1210368.000000
/vit/encoder/layer.6/intermediate/intermediate_act_fn/Erf,Erf,407982.153000,415815.029000,1210368.000000
/vit/encoder/layer.6/intermediate/intermediate_act_fn/Add,Add,415818.054000,416984.418000,605184.000000
/vit/encoder/layer.6/intermediate/intermediate_act_fn/Mul,Mul,416986.617000,417240.926000,605184.000000
/vit/encoder/layer.6/intermediate/intermediate_act_fn/Mul_1,Mul,417244.178000,418333.757000,605184.000000
/vit/encoder/layer.6/output/dense/MatMul,MatMul,418336.570000,429918.218000,929562624.000000
/vit/encoder/layer.6/output/dense/Add,Add,429922.661000,429986.768000,151296.000000
/vit/encoder/layer.6/output/Add,Add,429988.796000,430108.484000,151296.000000
/vit/encoder/layer.7/layernorm_before/ReduceMean,ReduceMean,430113.231000,430188.149000,0.000000
/vit/encoder/layer.7/layernorm_before/Sub,Sub,430189.477000,430243.745000,0.000000
/vit/encoder/layer.7/layernorm_before/Pow,Pow,430245.501000,431853.810000,302592.000000
/vit/encoder/layer.7/layernorm_before/ReduceMean_1,ReduceMean,431855.665000,431930.053000,0.000000
/vit/encoder/layer.7/layernorm_before/Add,Add,431931.206000,431933.572000,197.000000
/vit/encoder/layer.7/layernorm_before/Sqrt,Sqrt,431934.752000,431936.320000,0.000000
/vit/encoder/layer.7/layernorm_before/Div,Div,431937.425000,432000.569000,302592.000000
/vit/encoder/layer.7/layernorm_before/Mul,Mul,432002.675000,432068.750000,151296.000000
/vit/encoder/layer.7/layernorm_before/Add_1,Add,432070.947000,432131.998000,151296.000000
,MatMul,432134.172000,440778.613000,697171968.000000
,Split,440782.915000,440972.674000,0.000000
/vit/encoder/layer.7/attention/attention/query/Add,Add,440976.516000,441053.511000,151296.000000
/vit/encoder/layer.7/attention/attention/Reshape_2,Reshape,441056.481000,441108.074000,0.000000
/vit/encoder/layer.7/attention/attention/Transpose_1,Transpose,441110.298000,441185.532000,0.000000
/vit/encoder/layer.7/attention/attention/value/Add,Add,441187.396000,441263.497000,151296.000000
/vit/encoder/layer.7/attention/attention/Reshape_1,Reshape,441266.004000,441317.985000,0.000000
/vit/encoder/layer.7/attention/attention/Transpose,Transpose,441320.025000,441392.147000,0.000000
/vit/encoder/layer.7/attention/attention/key/Add,Add,441394.795000,441485.785000,151296.000000
/vit/encoder/layer.7/attention/attention/Reshape,Reshape,441487.640000,441541.082000,0.000000
/vit/encoder/layer.7/attention/attention/Transpose_2,Transpose,441542.947000,441658.278000,0.000000
/vit/encoder/layer.7/attention/attention/MatMul,MatMul,441659.751000,442508.546000,59610624.000000
/vit/encoder/layer.7/attention/attention/Div,Div,442510.942000,443375.763000,931416.000000
/vit/encoder/layer.7/attention/attention/Softmax,Softmax,443378.714000,445885.355000,2328540.000000
/vit/encoder/layer.7/attention/attention/MatMul_1,MatMul,445887.507000,446745.582000,59610624.000000
/vit/encoder/layer.7/attention/attention/Transpose_3,Transpose,446747.914000,446821.964000,0.000000
/vit/encoder/layer.7/attention/attention/Reshape_3,Reshape,446823.541000,446876.996000,0.000000
/vit/encoder/layer.7/attention/output/dense/MatMul,MatMul,446878.397000,449959.977000,232390656.000000
/vit/encoder/layer.7/attention/output/dense/Add,Add,449962.807000,450020.232000,151296.000000
/vit/encoder/layer.7/Add,Add,450022.005000,450156.543000,151296.000000
/vit/encoder/layer.7/layernorm_after/ReduceMean,ReduceMean,450159.323000,450234.453000,0.000000
/vit/encoder/layer.7/layernorm_after/Sub,Sub,450235.714000,450288.201000,0.000000
/vit/encoder/layer.7/layernorm_after/Pow,Pow,450289.838000,451911.850000,302592.000000
/vit/encoder/layer.7/layernorm_after/ReduceMean_1,ReduceMean,451913.502000,451988.147000,0.000000
/vit/encoder/layer.7/layernorm_after/Add,Add,451989.378000,451991.132000,197.000000
/vit/encoder/layer.7/layernorm_after/Sqrt,Sqrt,451992.496000,451993.980000,0.000000
/vit/encoder/layer.7/layernorm_after/Div,Div,451995.053000,452057.122000,302592.000000
/vit/encoder/layer.7/layernorm_after/Mul,Mul,452059.210000,452124.578000,151296.000000
/vit/encoder/layer.7/layernorm_after/Add_1,Add,452126.406000,452195.726000,151296.000000
/vit/encoder/layer.7/intermediate/dense/MatMul,MatMul,452197.685000,463851.025000,929562624.000000
/vit/encoder/layer.7/intermediate/dense/Add,Add,463856.235000,464147.744000,605184.000000
/vit/encoder/layer.7/intermediate/intermediate_act_fn/Div,Div,464152.662000,465273.392000,1210368.000000
/vit/encoder/layer.7/intermediate/intermediate_act_fn/Erf,Erf,465276.224000,473467.272000,1210368.000000
/vit/encoder/layer.7/intermediate/intermediate_act_fn/Add,Add,473471.343000,474606.401000,605184.000000
/vit/encoder/layer.7/intermediate/intermediate_act_fn/Mul,Mul,474609.060000,474930.758000,605184.000000
/vit/encoder/layer.7/intermediate/intermediate_act_fn/Mul_1,Mul,474933.012000,476023.212000,605184.000000
/vit/encoder/layer.7/output/dense/MatMul,MatMul,476025.685000,488043.271000,929562624.000000
/vit/encoder/layer.7/output/dense/Add,Add,488049.260000,488102.611000,151296.000000
/vit/encoder/layer.7/output/Add,Add,488105.364000,488198.418000,151296.000000
/vit/encoder/layer.8/layernorm_before/ReduceMean,ReduceMean,488200.952000,488276.206000,0.000000
/vit/encoder/layer.8/layernorm_before/Sub,Sub,488277.610000,488326.042000,0.000000
/vit/encoder/layer.8/layernorm_before/Pow,Pow,488327.600000,489943.849000,302592.000000
/vit/encoder/layer.8/layernorm_before/ReduceMean_1,ReduceMean,489946.274000,490021.516000,0.000000
/vit/encoder/layer.8/layernorm_before/Add,Add,490022.753000,490024.635000,197.000000
/vit/encoder/layer.8/layernorm_before/Sqrt,Sqrt,490025.853000,490027.843000,0.000000
/vit/encoder/layer.8/layernorm_before/Div,Div,490028.964000,490092.833000,302592.000000
/vit/encoder/layer.8/layernorm_before/Mul,Mul,490095.968000,490154.209000,151296.000000
/vit/encoder/layer.8/layernorm_before/Add_1,Add,490156.090000,490208.484000,151296.000000
,MatMul,490210.180000,499123.106000,697171968.000000
,Split,499126.653000,499298.025000,0.000000
/vit/encoder/layer.8/attention/attention/value/Add,Add,499301.278000,499371.714000,151296.000000
/vit/encoder/layer.8/attention/attention/key/Add,Add,499373.560000,499445.411000,151296.000000
/vit/encoder/layer.8/attention/attention/query/Add,Add,499447.108000,499517.104000,151296.000000
/vit/encoder/layer.8/attention/attention/Reshape,Reshape,499519.402000,499569.861000,0.000000
/vit/encoder/layer.8/attention/attention/Transpose_2,Transpose,499571.841000,499684.579000,0.000000
/vit/encoder/layer.8/attention/attention/Reshape_1,Reshape,499686.031000,499743.628000,0.000000
/vit/encoder/layer.8/attention/attention/Transpose,Transpose,499745.362000,499813.581000,0.000000
/vit/encoder/layer.8/attention/attention/Reshape_2,Reshape,499815.150000,499876.059000,0.000000
/vit/encoder/layer.8/attention/attention/Transpose_1,Transpose,499878.517000,499944.655000,0.000000
/vit/encoder/layer.8/attention/attention/MatMul,MatMul,499946.226000,500784.212000,59610624.000000
/vit/encoder/layer.8/attention/attention/Div,Div,500786.764000,501650.286000,931416.000000
/vit/encoder/layer.8/attention/attention/Softmax,Softmax,501653.024000,504161.102000,2328540.000000
/vit/encoder/layer.8/attention/attention/MatMul_1,MatMul,504163.772000,505006.187000,59610624.000000
/vit/encoder/layer.8/attention/attention/Transpose_3,Transpose,505008.101000,505081.459000,0.000000
/vit/encoder/layer.8/attention/attention/Reshape_3,Reshape,505083.042000,505151.902000,0.000000
/vit/encoder/layer.8/attention/output/dense/MatMul,MatMul,505153.330000,508163.398000,232390656.000000
/vit/encoder/layer.8/attention/output/dense/Add,Add,508166.505000,508218.220000,151296.000000
/vit/encoder/layer.8/Add,Add,508220.425000,508360.672000,151296.000000
/vit/encoder/layer.8/layernorm_after/ReduceMean,ReduceMean,508363.402000,508438.734000,0.000000
/vit/encoder/layer.8/layernorm_after/Sub,Sub,508440.146000,508504.151000,0.000000
/vit/encoder/layer.8/layernorm_after/Pow,Pow,508505.501000,510110.994000,302592.000000
/vit/encoder/layer.8/layernorm_after/ReduceMean_1,ReduceMean,510113.473000,510188.118000,0.000000
/vit/encoder/layer.8/layernorm_after/Add,Add,510189.292000,510191.220000,197.000000
/vit/encoder/layer.8/layernorm_after/Sqrt,Sqrt,510192.996000,510195.050000,0.000000
/vit/encoder/layer.8/layernorm_after/Div,Div,510196.279000,510262.920000,302592.000000
/vit/encoder/layer.8/layernorm_after/Mul,Mul,510265.442000,510337.287000,151296.000000
/vit/encoder/layer.8/layernorm_after/Add_1,Add,510339.316000,510401.945000,151296.000000
/vit/encoder/layer.8/intermediate/dense/MatMul,MatMul,510404.186000,522609.198000,929562624.000000
/vit/encoder/layer.8/intermediate/dense/Add,Add,522614.390000,522979.479000,605184.000000
/vit/encoder/layer.8/intermediate/intermediate_act_fn/Div,Div,522983.135000,524106.708000,1210368.000000
/vit/encoder/layer.8/intermediate/intermediate_act_fn/Erf,Erf,524109.174000,532934.264000,1210368.000000
/vit/encoder/layer.8/intermediate/intermediate_act_fn/Add,Add,532937.877000,534063.000000,605184.000000
/vit/encoder/layer.8/intermediate/intermediate_act_fn/Mul,Mul,534065.009000,534332.976000,605184.000000
/vit/encoder/layer.8/intermediate/intermediate_act_fn/Mul_1,Mul,534335.929000,535422.206000,605184.000000
/vit/encoder/layer.8/output/dense/MatMul,MatMul,535423.878000,546894.631000,929562624.000000
/vit/encoder/layer.8/output/dense/Add,Add,546900.407000,546957.902000,151296.000000
/vit/encoder/layer.8/output/Add,Add,546960.438000,547068.405000,151296.000000
/vit/encoder/layer.9/layernorm_before/ReduceMean,ReduceMean,547070.380000,547146.222000,0.000000
/vit/encoder/layer.9/layernorm_before/Sub,Sub,547147.759000,547198.462000,0.000000
/vit/encoder/layer.9/layernorm_before/Pow,Pow,547200.322000,548798.214000,302592.000000
/vit/encoder/layer.9/layernorm_before/ReduceMean_1,ReduceMean,548800.021000,548874.785000,0.000000
/vit/encoder/layer.9/layernorm_before/Add,Add,548876.005000,548878.107000,197.000000
/vit/encoder/layer.9/layernorm_before/Sqrt,Sqrt,548879.262000,548880.984000,0.000000
/vit/encoder/layer.9/layernorm_before/Div,Div,548881.986000,548945.120000,302592.000000
/vit/encoder/layer.9/layernorm_before/Mul,Mul,548947.217000,549009.709000,151296.000000
/vit/encoder/layer.9/layernorm_before/Add_1,Add,549012.567000,549068.576000,151296.000000
,MatMul,549070.922000,557946.600000,697171968.000000
,Split,557950.307000,558161.050000,0.000000
/vit/encoder/layer.9/attention/attention/value/Add,Add,558165.207000,558241.414000,151296.000000
/vit/encoder/layer.9/attention/attention/key/Add,Add,558244.173000,558312.935000,151296.000000
/vit/encoder/layer.9/attention/attention/query/Add,Add,558316.081000,558391.527000,151296.000000
/vit/encoder/layer.9/attention/attention/Reshape_1,Reshape,558394.232000,558445.851000,0.000000
/vit/encoder/layer.9/attention/attention/Transpose,Transpose,558447.861000,558518.207000,0.000000
/vit/encoder/layer.9/attention/attention/Reshape_2,Reshape,558520.004000,558577.559000,0.000000
/vit/encoder/layer.9/attention/attention/Transpose_1,Transpose,558579.713000,558654.923000,0.000000
/vit/encoder/layer.9/attention/attention/Reshape,Reshape,558657.416000,558715.341000,0.000000
/vit/encoder/layer.9/attention/attention/Transpose_2,Transpose,558717.048000,558828.779000,0.000000
/vit/encoder/layer.9/attention/attention/MatMul,MatMul,558830.732000,559720.701000,59610624.000000
/vit/encoder/layer.9/attention/attention/Div,Div,559723.430000,560586.982000,931416.000000
/vit/encoder/layer.9/attention/attention/Softmax,Softmax,560589.934000,563140.682000,2328540.000000
/vit/encoder/layer.9/attention/attention/MatMul_1,MatMul,563143.780000,564020.283000,59610624.000000
/vit/encoder/layer.9/attention/attention/Transpose_3,Transpose,564022.391000,564095.932000,0.000000
/vit/encoder/layer.9/attention/attention/Reshape_3,Reshape,564097.885000,564154.190000,0.000000
/vit/encoder/layer.9/attention/output/dense/MatMul,MatMul,564155.670000,567115.712000,232390656.000000
/vit/encoder/layer.9/attention/output/dense/Add,Add,567118.524000,567164.891000,151296.000000
/vit/encoder/layer.9/Add,Add,567166.372000,567291.152000,151296.000000
/vit/encoder/layer.9/layernorm_after/ReduceMean,ReduceMean,567293.199000,567369.167000,0.000000
/vit/encoder/layer.9/layernorm_after/Sub,Sub,567370.428000,567428.480000,0.000000
/vit/encoder/layer.9/layernorm_after/Pow,Pow,567429.831000,569029.336000,302592.000000
/vit/encoder/layer.9/layernorm_after/ReduceMean_1,ReduceMean,569031.584000,569106.418000,0.000000
/vit/encoder/layer.9/layernorm_after/Add,Add,569107.590000,569109.482000,197.000000
/vit/encoder/layer.9/layernorm_after/Sqrt,Sqrt,569110.612000,569112.226000,0.000000
/vit/encoder/layer.9/layernorm_after/Div,Div,569113.416000,569181.169000,302592.000000
/vit/encoder/layer.9/layernorm_after/Mul,Mul,569183.458000,569253.505000,151296.000000
/vit/encoder/layer.9/layernorm_after/Add_1,Add,569255.610000,569320.284000,151296.000000
/vit/encoder/layer.9/intermediate/dense/MatMul,MatMul,569322.072000,581054.475000,929562624.000000
/vit/encoder/layer.9/intermediate/dense/Add,Add,581060.326000,581374.474000,605184.000000
/vit/encoder/layer.9/intermediate/intermediate_act_fn/Div,Div,581378.503000,582515.160000,1210368.000000
/vit/encoder/layer.9/intermediate/intermediate_act_fn/Erf,Erf,582518.305000,591338.570000,1210368.000000
/vit/encoder/layer.9/intermediate/intermediate_act_fn/Add,Add,591341.726000,592484.466000,605184.000000
/vit/encoder/layer.9/intermediate/intermediate_act_fn/Mul,Mul,592486.129000,592761.460000,605184.000000
/vit/encoder/layer.9/intermediate/intermediate_act_fn/Mul_1,Mul,592764.370000,593852.257000,605184.000000
/vit/encoder/layer.9/output/dense/MatMul,MatMul,593854.568000,605902.641000,929562624.000000
/vit/encoder/layer.9/output/dense/Add,Add,605907.091000,605982.162000,151296.000000
/vit/encoder/layer.9/output/Add,Add,605984.662000,606098.729000,151296.000000
/vit/encoder/layer.10/layernorm_before/ReduceMean,ReduceMean,606101.163000,606177.933000,0.000000
/vit/encoder/layer.10/layernorm_before/Sub,Sub,606179.493000,606238.122000,0.000000
/vit/encoder/layer.10/layernorm_before/Pow,Pow,606239.748000,607847.190000,302592.000000
/vit/encoder/layer.10/layernorm_before/ReduceMean_1,ReduceMean,607849.257000,607924.208000,0.000000
/vit/encoder/layer.10/layernorm_before/Add,Add,607925.469000,607927.427000,197.000000
/vit/encoder/layer.10/layernorm_before/Sqrt,Sqrt,607928.655000,607930.450000,0.000000
/vit/encoder/layer.10/layernorm_before/Div,Div,607932.064000,607993.369000,302592.000000
/vit/encoder/layer.10/layernorm_before/Mul,Mul,607995.977000,608058.204000,151296.000000
/vit/encoder/layer.10/layernorm_before/Add_1,Add,608059.850000,608117.098000,151296.000000
,MatMul,608119.154000,616555.388000,697171968.000000
,Split,616559.661000,616766.395000,0.000000
/vit/encoder/layer.10/attention/attention/key/Add,Add,616770.671000,616857.588000,151296.000000
/vit/encoder/layer.10/attention/attention/Reshape,Reshape,616860.147000,616912.123000,0.000000
/vit/encoder/layer.10/attention/attention/query/Add,Add,616914.395000,616993.357000,151296.000000
/vit/encoder/layer.10/attention/attention/Reshape_2,Reshape,616996.010000,617047.978000,0.000000
/vit/encoder/layer.10/attention/attention/Transpose_1,Transpose,617049.790000,617119.148000,0.000000
/vit/encoder/layer.10/attention/attention/Transpose_2,Transpose,617121.225000,617243.169000,0.000000
/vit/encoder/layer.10/attention/attention/value/Add,Add,617245.416000,617359.093000,151296.000000
/vit/encoder/layer.10/attention/attention/MatMul,MatMul,617362.910000,618261.957000,59610624.000000
/vit/encoder/layer.10/attention/attention/Div,Div,618264.330000,619127.952000,931416.000000
/vit/encoder/layer.10/attention/attention/Softmax,Softmax,619130.358000,621634.059000,2328540.000000
/vit/encoder/layer.10/attention/attention/Reshape_1,Reshape,621636.574000,621717.051000,0.000000
/vit/encoder/layer.10/attention/attention/Transpose,Transpose,621719.449000,621797.715000,0.000000
/vit/encoder/layer.10/attention/attention/MatMul_1,MatMul,621799.176000,622672.326000,59610624.000000
/vit/encoder/layer.10/attention/attention/Transpose_3,Transpose,622674.856000,622758.666000,0.000000
/vit/encoder/layer.10/attention/attention/Reshape_3,Reshape,622760.554000,622835.032000,0.000000
/vit/encoder/layer.10/attention/output/dense/MatMul,MatMul,622836.864000,625741.356000,232390656.000000
/vit/encoder/layer.10/attention/output/dense/Add,Add,625745.112000,625799.865000,151296.000000
/vit/encoder/layer.10/Add,Add,625802.002000,625905.613000,151296.000000
/vit/encoder/layer.10/layernorm_after/ReduceMean,ReduceMean,625908.538000,625983.865000,0.000000
/vit/encoder/layer.10/layernorm_after/Sub,Sub,625985.355000,626040.419000,0.000000
/vit/encoder/layer.10/layernorm_after/Pow,Pow,626042.770000,627637.437000,302592.000000
/vit/encoder/layer.10/layernorm_after/ReduceMean_1,ReduceMean,627639.924000,627714.910000,0.000000
/vit/encoder/layer.10/layernorm_after/Add,Add,627716.229000,627717.995000,197.000000
/vit/encoder/layer.10/layernorm_after/Sqrt,Sqrt,627719.076000,627720.676000,0.000000
/vit/encoder/layer.10/layernorm_after/Div,Div,627721.831000,627803.437000,302592.000000
/vit/encoder/layer.10/layernorm_after/Mul,Mul,627805.884000,627886.087000,151296.000000
/vit/encoder/layer.10/layernorm_after/Add_1,Add,627887.878000,627957.572000,151296.000000
/vit/encoder/layer.10/intermediate/dense/MatMul,MatMul,627959.518000,639251.384000,929562624.000000
/vit/encoder/layer.10/intermediate/dense/Add,Add,639256.736000,639617.876000,605184.000000
/vit/encoder/layer.10/intermediate/intermediate_act_fn/Div,Div,639622.854000,640740.180000,1210368.000000
/vit/encoder/layer.10/intermediate/intermediate_act_fn/Erf,Erf,640743.174000,645400.594000,1210368.000000
/vit/encoder/layer.10/intermediate/intermediate_act_fn/Add,Add,645403.703000,646563.136000,605184.000000
/vit/encoder/layer.10/intermediate/intermediate_act_fn/Mul,Mul,646565.241000,646838.351000,605184.000000
/vit/encoder/layer.10/intermediate/intermediate_act_fn/Mul_1,Mul,646841.174000,647927.103000,605184.000000
/vit/encoder/layer.10/output/dense/MatMul,MatMul,647929.253000,659430.461000,929562624.000000
/vit/encoder/layer.10/output/dense/Add,Add,659436.814000,659506.167000,151296.000000
/vit/encoder/layer.10/output/Add,Add,659508.599000,659607.261000,151296.000000
/vit/encoder/layer.11/layernorm_before/ReduceMean,ReduceMean,659612.090000,659687.814000,0.000000
/vit/encoder/layer.11/layernorm_before/Sub,Sub,659689.178000,659744.468000,0.000000
/vit/encoder/layer.11/layernorm_before/Pow,Pow,659745.930000,661340.283000,302592.000000
/vit/encoder/layer.11/layernorm_before/ReduceMean_1,ReduceMean,661342.135000,661416.824000,0.000000
/vit/encoder/layer.11/layernorm_before/Add,Add,661418.190000,661420.518000,197.000000
/vit/encoder/layer.11/layernorm_before/Sqrt,Sqrt,661421.878000,661423.767000,0.000000
/vit/encoder/layer.11/layernorm_before/Div,Div,661424.968000,661489.787000,302592.000000
/vit/encoder/layer.11/layernorm_before/Mul,Mul,661492.554000,661562.827000,151296.000000
/vit/encoder/layer.11/layernorm_before/Add_1,Add,661565.134000,661631.927000,151296.000000
,MatMul,661633.434000,670670.402000,697171968.000000
,Split,670674.072000,670879.059000,0.000000
/vit/encoder/layer.11/attention/attention/value/Add,Add,670881.703000,670960.866000,151296.000000
/vit/encoder/layer.11/attention/attention/query/Add,Add,670962.917000,671044.443000,151296.000000
/vit/encoder/layer.11/attention/attention/Reshape_2,Reshape,671046.886000,671097.098000,0.000000
/vit/encoder/layer.11/attention/attention/key/Add,Add,671099.149000,671177.675000,151296.000000
/vit/encoder/layer.11/attention/attention/Reshape,Reshape,671180.075000,671232.147000,0.000000
/vit/encoder/layer.11/attention/attention/Transpose_2,Transpose,671233.839000,671348.984000,0.000000
/vit/encoder/layer.11/attention/attention/Reshape_1,Reshape,671350.764000,671410.575000,0.000000
/vit/encoder/layer.11/attention/attention/Transpose,Transpose,671412.407000,671480.637000,0.000000
/vit/encoder/layer.11/attention/attention/Transpose_1,Transpose,671482.315000,671561.888000,0.000000
/vit/encoder/layer.11/attention/attention/MatMul,MatMul,671563.269000,672444.136000,59610624.000000
/vit/encoder/layer.11/attention/attention/Div,Div,672446.780000,673315.369000,931416.000000
/vit/encoder/layer.11/attention/attention/Softmax,Softmax,673317.690000,675834.272000,2328540.000000
/vit/encoder/layer.11/attention/attention/MatMul_1,MatMul,675837.024000,676681.363000,59610624.000000
/vit/encoder/layer.11/attention/attention/Transpose_3,Transpose,676683.227000,676757.456000,0.000000
/vit/encoder/layer.11/attention/attention/Reshape_3,Reshape,676759.125000,676813.193000,0.000000
/vit/encoder/layer.11/attention/output/dense/MatMul,MatMul,676815.069000,679816.191000,232390656.000000
/vit/encoder/layer.11/attention/output/dense/Add,Add,679819.329000,679869.380000,151296.000000
/vit/encoder/layer.11/Add,Add,679871.113000,679985.072000,151296.000000
/vit/encoder/layer.11/layernorm_after/ReduceMean,ReduceMean,679987.549000,680063.399000,0.000000
/vit/encoder/layer.11/layernorm_after/Sub,Sub,680064.714000,680121.175000,0.000000
/vit/encoder/layer.11/layernorm_after/Pow,Pow,680122.559000,681693.497000,302592.000000
/vit/encoder/layer.11/layernorm_after/ReduceMean_1,ReduceMean,681695.545000,681770.608000,0.000000
/vit/encoder/layer.11/layernorm_after/Add,Add,681771.955000,681774.183000,197.000000
/vit/encoder/layer.11/layernorm_after/Sqrt,Sqrt,681775.600000,681777.007000,0.000000
/vit/encoder/layer.11/layernorm_after/Div,Div,681778.090000,681843.218000,302592.000000
/vit/encoder/layer.11/layernorm_after/Mul,Mul,681845.460000,681910.556000,151296.000000
/vit/encoder/layer.11/layernorm_after/Add_1,Add,681912.445000,681978.867000,151296.000000
/vit/encoder/layer.11/intermediate/dense/MatMul,MatMul,681980.705000,694380.479000,929562624.000000
/vit/encoder/layer.11/intermediate/dense/Add,Add,694386.098000,694709.090000,605184.000000
/vit/encoder/layer.11/intermediate/intermediate_act_fn/Div,Div,694712.304000,695833.904000,1210368.000000
/vit/encoder/layer.11/intermediate/intermediate_act_fn/Erf,Erf,695837.497000,704363.411000,1210368.000000
/vit/encoder/layer.11/intermediate/intermediate_act_fn/Add,Add,704366.310000,705519.955000,605184.000000
/vit/encoder/layer.11/intermediate/intermediate_act_fn/Mul,Mul,705522.018000,705818.045000,605184.000000
/vit/encoder/layer.11/intermediate/intermediate_act_fn/Mul_1,Mul,705820.763000,706911.989000,605184.000000
/vit/encoder/layer.11/output/dense/MatMul,MatMul,706914.554000,718426.736000,929562624.000000
/vit/encoder/layer.11/output/dense/Add,Add,718431.113000,718487.710000,151296.000000
/vit/encoder/layer.11/output/Add,Add,718489.820000,718619.189000,151296.000000
/vit/layernorm/ReduceMean,ReduceMean,718622.509000,718698.479000,0.000000
/vit/layernorm/Sub,Sub,718699.956000,718754.456000,0.000000
/vit/layernorm/Pow,Pow,718756.612000,720328.434000,302592.000000
/vit/layernorm/ReduceMean_1,ReduceMean,720330.514000,720405.587000,0.000000
/vit/layernorm/Add,Add,720406.781000,720408.461000,197.000000
/vit/layernorm/Sqrt,Sqrt,720409.760000,720411.261000,0.000000
/vit/layernorm/Div,Div,720412.540000,720477.021000,302592.000000
/vit/layernorm/Mul,Mul,720479.941000,720542.705000,151296.000000
/vit/layernorm/Add_1,Add,720544.635000,720604.094000,151296.000000
/Gather,Gather,720606.343000,720614.101000,0.000000
/classifier/Gemm,Gemm,720615.687000,721017.018000,1536000.000000
output,io,721019.653000,721019.766000,0.000000
